filename,old_query,new_query
solarwinds_process_disabling_services.yml,"(RegistryKeyPath RegExp ""\bMACHINE\\SYSTEM\\.*ControlSet.*\\Services\\.*\\Start"" AND EventType = ""Registry Value Modified"") AND SrcProcName RegExp ""(.*\.)?((SolarWinds.BusinessLayerHost.*|ConfigurationWizard.*|NetflowDatabasemaintenance.*|NetFlowService.*|SolarWinds.Administration.*|SolarWinds.Collector.Service.*|SolarwindsDiagnostics.*).exe)""","(registry.keyPath matches ""\bMACHINE\\SYSTEM\\.*ControlSet.*\\Services\\.*\\Start"" AND event.type = ""Registry Value Modified"") AND src.process.name matches ""(.*\.)?((SolarWinds.BusinessLayerHost.*|ConfigurationWizard.*|NetflowDatabasemaintenance.*|NetFlowService.*|SolarWinds.Administration.*|SolarWinds.Collector.Service.*|SolarwindsDiagnostics.*).exe)"""
sunburst_campaign.yml,"DstIp In (""13.59.205.66"",""54.193.127.66"",""54.215.192.52"",""34.203.203.23"",""139.99.115.204"",""5.252.177.25"",""5.252.177.21"",""204.188.205.176"",""51.89.125.18"",""167.114.213.199"") OR DnsRequest In Contains (""avsvmcloud.com"",""freescanonline.com"",""deftsecurity.com"",""freescanonline.com"",""thedoccloud.com"",""websitetheme.com"",""highdatabase.com"",""incomeupdate.com"",""databasegalore.com"",""panhardware.com"",""zupertech.com"") OR Sha256 In (""d0d626deb3f9484e649294a8dfa814c5568f846d5aa02d4cdad5d041a29d5600"",""53f8dfc65169ccda021b72a62e0c22a4db7c4077f002fa742717d41b3c40f2c7"",""019085a76ba7126fff22770d71bd901c325fc68ac55aa743327984e89f4b0134"",""ce77d116a074dab7a22a0fd4f2c1ab475f16eec42e1ded3c0b0aa8211fe858d6"",""32519b85c0b422e4656de6e6c41878e95fd95026267daab4215ee59c107d6c77"",""292327e5c94afa352cc5a02ca273df543f2020d0e76368ff96c84f4e90778712"",""c15abaf51e78ca56c0376522d699c978217bf041a3bd3c71d09193efa5717c71"",""dab758bf98d9b36fa057a66cd0284737abf89857b73ca89280267ee7caf62f3b"",""eb6fab5a2964c5817fb239a7a5079cabca0a00464fb3e07155f28b0a57a2c0ed"",""c09040d35630d75dfef0f804f320f8b3d16a481071076918e9b236a321c1ea77"",""ac1b2b89e60707a20e9eb1ca480bc3410ead40643b386d624c5d21b47c02917c"",""019085a76ba7126fff22770d71bd901c325fc68ac55aa743327984e89f4b0134"",""ce77d116a074dab7a22a0fd4f2c1ab475f16eec42e1ded3c0b0aa8211fe858d6"")","dst.ip in (""13.59.205.66"",""54.193.127.66"",""54.215.192.52"",""34.203.203.23"",""139.99.115.204"",""5.252.177.25"",""5.252.177.21"",""204.188.205.176"",""51.89.125.18"",""167.114.213.199"") OR dns.request in contains (""avsvmcloud.com"",""freescanonline.com"",""deftsecurity.com"",""freescanonline.com"",""thedoccloud.com"",""websitetheme.com"",""highdatabase.com"",""incomeupdate.com"",""databasegalore.com"",""panhardware.com"",""zupertech.com"") OR Sha256 in (""d0d626deb3f9484e649294a8dfa814c5568f846d5aa02d4cdad5d041a29d5600"",""53f8dfc65169ccda021b72a62e0c22a4db7c4077f002fa742717d41b3c40f2c7"",""019085a76ba7126fff22770d71bd901c325fc68ac55aa743327984e89f4b0134"",""ce77d116a074dab7a22a0fd4f2c1ab475f16eec42e1ded3c0b0aa8211fe858d6"",""32519b85c0b422e4656de6e6c41878e95fd95026267daab4215ee59c107d6c77"",""292327e5c94afa352cc5a02ca273df543f2020d0e76368ff96c84f4e90778712"",""c15abaf51e78ca56c0376522d699c978217bf041a3bd3c71d09193efa5717c71"",""dab758bf98d9b36fa057a66cd0284737abf89857b73ca89280267ee7caf62f3b"",""eb6fab5a2964c5817fb239a7a5079cabca0a00464fb3e07155f28b0a57a2c0ed"",""c09040d35630d75dfef0f804f320f8b3d16a481071076918e9b236a321c1ea77"",""ac1b2b89e60707a20e9eb1ca480bc3410ead40643b386d624c5d21b47c02917c"",""019085a76ba7126fff22770d71bd901c325fc68ac55aa743327984e89f4b0134"",""ce77d116a074dab7a22a0fd4f2c1ab475f16eec42e1ded3c0b0aa8211fe858d6"")"
dd_data_destruction.yml,"AgentOS In (""linux"",""osx"") AND TgtProcName = ""dd"" AND TgtProcCmdLine ContainsCIS ""of=""","os.name in (""linux"",""osx"") AND tgt.process.name = ""dd"" AND tgt.process.cmdline contains ""of="""
linux_firewall_disabled.yml,"(SrcProcName In Contains (""service"",""chkconfig"") AND SrcProcCmdLine In Contains (""off"",""stop"") AND SrcProcCmdLine ContainsCIS ""tables"") OR (TgtProcName = ""systemctl"" AND TgtProcCmdLine In Contains (""stop"",""disable"") AND TgtProcCmdLine Contains ""firewalld"")","(src.process.name in contains (""service"",""chkconfig"") AND src.process.cmdline in contains (""off"",""stop"") AND src.process.cmdline contains ""tables"") OR (tgt.process.name = ""systemctl"" AND tgt.process.cmdline in contains (""stop"",""disable"") AND tgt.process.cmdline contains ""firewalld"")"
local_account_added_nix.yml,"SrcProcCmdLine In Contains Anycase (""useradd"")","src.process.cmdline in contains Anycase (""useradd"")"
nix_network_sniffing.yml,"TgtProcName In AnyCase (""tcpdump"",""tshark"")","tgt.process.name in:anycase (""tcpdump"",""tshark"")"
syslog_disabled.yml,"TgtProcName In Contains (""service"",""chkconfig"",""systemctl"") AND TgtProcCmdLine In Contains (""rsyslog stop"",""off rsyslog"",""stop rsyslog"",""disable rsyslog"")","tgt.process.name in contains (""service"",""chkconfig"",""systemctl"") AND tgt.process.cmdline in contains (""rsyslog stop"",""off rsyslog"",""stop rsyslog"",""disable rsyslog"")"
account_access_removal.yml,"filter os = ""windows"" && ( osSrc.process.cmdline matches ""net\\s+user(?:(?!\\s+/delete)(?:.|\\n))*\\s+/delete"" || tgt.process.cmdline contains ""Remove-ADGroupMember"" || src.process.script contains ""Remove-ADGroupMember"" )","os = ""windows"" && ( osSrc.process.cmdline matches ""net\\s+user(?:(?!\\s+/delete)(?:.|\\n))*\\s+/delete"" || tgt.process.cmdline contains ""Remove-ADGroupMember"" || src.process.script contains ""Remove-ADGroupMember"" )"
account_manipulation.yml,"filter ( osSrc.process.cmdline contains:anycase (""New-ADUser"", ""Rename-LocalUser"", ""Set-LocalUser"") || src.process.script contains:anycase (""New-ADUser"", ""Rename-LocalUser"", ""Set-LocalUser"") || osSrc.process.cmdline matches ""\\bAdd-ADGroupMember\\b.*\\bDomain Admins\\b"" || src.process.script matches ""\\bAdd-ADGroupMember\\b.*\\bDomain Admins\\b"" ) && !(osSrc.process.parent.name in (""WmiPrvSE.exe"", ""AppVClient.exe"", ""svchost.exe"", ""CompatTelRunner.exe""))","( osSrc.process.cmdline contains:anycase (""New-ADUser"", ""Rename-LocalUser"", ""Set-LocalUser"") || src.process.script contains:anycase (""New-ADUser"", ""Rename-LocalUser"", ""Set-LocalUser"") || osSrc.process.cmdline matches ""\\bAdd-ADGroupMember\\b.*\\bDomain Admins\\b"" || src.process.script matches ""\\bAdd-ADGroupMember\\b.*\\bDomain Admins\\b"" ) && !(osSrc.process.parent.name in (""WmiPrvSE.exe"", ""AppVClient.exe"", ""svchost.exe"", ""CompatTelRunner.exe""))"
allow_executable_through_defender_firewall.yml,"filter tgt.process.name == ""netsh.exe"" && tgt.process.cmdline contains ""add rule"" && tgt.process.cmdline contains ""program="" && tgt.process.cmdline contains:anycase (""C:\\Users"", ""C:\\Windows\\Temp"")","tgt.process.name == ""netsh.exe"" && tgt.process.cmdline contains ""add rule"" && tgt.process.cmdline contains ""program="" && tgt.process.cmdline contains:anycase (""C:\\Users"", ""C:\\Windows\\Temp"")"
allow_smb_and_rdp_on_defender_firewall.yml,"filter ( tgt.process.name == ""netsh.exe"" && tgt.process.cmdline contains ""remote desktop"" && tgt.process.cmdline contains ""enable=Yes"" ) || ( tgt.process.name == ""netsh.exe"" && tgt.process.cmdline contains ""file and printer sharing"" && tgt.process.cmdline contains ""enable=Yes"" )","( tgt.process.name == ""netsh.exe"" && tgt.process.cmdline contains ""remote desktop"" && tgt.process.cmdline contains ""enable=Yes"" ) || ( tgt.process.name == ""netsh.exe"" && tgt.process.cmdline contains ""file and printer sharing"" && tgt.process.cmdline contains ""enable=Yes"" )"
amsi_bypass_initfailed.yml,"filter tgt.process.cmdline contains ""[Ref].Assembly.GetType('System.Management.Automation.AmsiUtils').GetField('amsiInitFailed','NonPublic,Static').SetValue($null,$true)"" || src.process.script contains ""[Ref].Assembly.GetType('System.Management.Automation.AmsiUtils').GetField('amsiInitFailed','NonPublic,Static').SetValue($null,$true)""","tgt.process.cmdline contains ""[Ref].Assembly.GetType('System.Management.Automation.AmsiUtils').GetField('amsiInitFailed','NonPublic,Static').SetValue($null,$true)"" || src.process.script contains ""[Ref].Assembly.GetType('System.Management.Automation.AmsiUtils').GetField('amsiInitFailed','NonPublic,Static').SetValue($null,$true)"""
application_shimming.yml,"filter ( src.process.name == ""sdbinst.exe"" && process.command_line contains "".sdb"" ) || ( ( registry.keyPath contains ""AppInit_DLLs"" || registry.path contains ""AppCompatFlags"" ) && ( event.type == ""Registry Value Create"" || event.type == ""Registry Value Modified"" ) )","( src.process.name == ""sdbinst.exe"" && process.command_line contains "".sdb"" ) || ( ( registry.keyPath contains ""AppInit_DLLs"" || registry.path contains ""AppCompatFlags"" ) && ( event.type == ""Registry Value Create"" || event.type == ""Registry Value Modified"" ) )"
assoc_default_file_change.yml,,
at_scheduled_task.yml,tgt.process.name = 'at.exe' && tgt.process.cmdline contains '/interactive',tgt.process.name = 'at.exe' && tgt.process.cmdline contains '/interactive'
batchfile_execution_from_temp.yml,"filter src.process.name == ""cmd.exe"" && tgt.file.path contains ""\\Temp"" && tgt.file.type == ""bat"" && !(src.process.parent.name in (""msiexec.exe""))","src.process.name == ""cmd.exe"" && tgt.file.path contains ""\\Temp"" && tgt.file.type == ""bat"" && !(src.process.parent.name in (""msiexec.exe""))"
bits_jobs.yml,"filter ( ( tgt.process.name in:anycase (""bitsadmin.exe"", ""desktopimgdownldr.exe"") && ( tgt.process.cmdline matches ""https?:\\/\\/(www\\.)?[-a-zA-Z0-9@:%._\\+~#=]{1,256}\\.[a-zA-Z0-9()]{1,6}\\b([-a-zA-Z0-9()@:%_\\+.~#?&//=]*)"" || tgt.process.cmdline contains ""/setnotifycmdline "" ) ) || ( tgt.process.name == ""powershell.exe"" && tgt.process.cmdline contains ""Start-BitsTransfer"" ) ) && !(src.process.parent.name in (""services.exe"", ""smss.exe"", ""wininit.exe""))","( ( tgt.process.name in:anycase (""bitsadmin.exe"", ""desktopimgdownldr.exe"") && ( tgt.process.cmdline matches ""https?:\\/\\/(www\\.)?[-a-zA-Z0-9@:%._\\+~#=]{1,256}\\.[a-zA-Z0-9()]{1,6}\\b([-a-zA-Z0-9()@:%_\\+.~#?&//=]*)"" || tgt.process.cmdline contains ""/setnotifycmdline "" ) ) || ( tgt.process.name == ""powershell.exe"" && tgt.process.cmdline contains ""Start-BitsTransfer"" ) ) && !(src.process.parent.name in (""services.exe"", ""smss.exe"", ""wininit.exe""))"
browser_extension_installation.yml,"filter ( tgt.file.path matches ""\\bWebstore Downloads\\b.*\\.crx$"" || tgt.file.path matches ""\\bstaged\\b.*\\.xpi$"" ) && event.type == ""File Creation""","( tgt.file.path matches ""\\bWebstore Downloads\\b.*\\.crx$"" || tgt.file.path matches ""\\bstaged\\b.*\\.xpi$"" ) && event.type == ""File Creation"""
bypass_user_access_control.yml,"(SrcProcCmdLine ContainsCIS ""ms-settings\shell\open\command"" OR SrcProcCmdLine ContainsCIS ""mscfile\shell\open\command"") OR (TgtProcDisplayName = ""COM Surrogate"" AND TgtProcCmdLine ContainsCIS ""{3E5FC7F9-9A51-4367-9063-A120244FBEC7}"")","(src.process.cmdline contains ""ms-settings\shell\open\command"" OR src.process.cmdline contains ""mscfile\shell\open\command"") OR (TgtProcDisplayName = ""COM Surrogate"" AND tgt.process.cmdline contains ""{3E5FC7F9-9A51-4367-9063-A120244FBEC7}"")"
change_shell_open_regkeys.yml,"--- File assoc change by registry
RegistryKeyPath In Contains Anycase ( ""\shell\open\command"" , ""\shell\print\command"" , ""\shell\printto\command"" ) AND EventType In ( ""Registry Value Create"" , ""Registry Value Modified"" )","--- File assoc change by registry registry.keyPath in contains Anycase ( ""\shell\open\command"" , ""\shell\print\command"" , ""\shell\printto\command"" ) AND event.type in ( ""Registry Value Create"" , ""Registry Value Modified"" )"
clear_windows_event_logs.yml,"(TgtProcName  = ""wevtutil.exe"" AND TgtProcCmdLine ContainsCIS ""cl "") OR ((SrcProcCmdLine ContainsCIS ""Clear-EventLog"" OR SrcProcCmdScript ContainsCIS ""Clear-EventLog"") AND SrcProcParentName Not In (""WmiPrvSE.exe"",""PFERemediation.exe"",""svchost.exe""))","(tgt.process.name = ""wevtutil.exe"" AND tgt.process.cmdline contains ""cl "") OR ((src.process.cmdline contains ""Clear-EventLog"" OR SrcProcCmdScript contains ""Clear-EventLog"") AND SrcProcParentName Not in (""WmiPrvSE.exe"",""PFERemediation.exe"",""svchost.exe""))"
cmstp_signed_binary_proxy_execution.yml,"SrcProcName = ""cmstp.exe"" AND SrcProcCmdLine ContainsCIS ""/ni /s""","src.process.name = ""cmstp.exe"" AND src.process.cmdline contains ""/ni /s"""
compiled_html_file.yml,"(SrcProcName = ""hh.exe"" AND EventType = ""Open Remote Process Handle"") OR (SrcProcName = ""hh.exe"" AND SrcProcCmdLine RegExp ""https?:\/\/(www\.)?[-a-zA-Z0-9@:%._\+~#=]{1,256}\.[a-zA-Z0-9()]{1,6}\b([-a-zA-Z0-9()@:%_\+.~#?&//=]*)"")","(src.process.name = ""hh.exe"" AND event.type = ""Open Remote Process Handle"") OR (src.process.name = ""hh.exe"" AND src.process.cmdline matches ""https?:\/\/(www\.)?[-a-zA-Z0-9@:%._\+~#=]{1,256}\.[a-zA-Z0-9()]{1,6}\b([-a-zA-Z0-9()@:%_\+.~#?&//=]*)"")"
cor_profiler.yml,"(SrcProcCmdScript Contains ""COR_"" AND SrcProcCmdScript Contains ""\Environment"") OR RegistryKeyPath Contains ""COR_PROFILER_PATH"" OR SrcProcCmdScript Contains ""$env:COR_""","(SrcProcCmdScript contains ""COR_"" AND SrcProcCmdScript contains ""\Environment"") OR registry.keyPath contains ""COR_PROFILER_PATH"" OR SrcProcCmdScript contains ""$env:COR_"""
csc_compile_after_delivery.yml,"(TgtProcName = ""csc.exe"" AND SrcProcCmdLine Contains ""/target:exe"") OR (SrcProcName  = ""csc.exe"" AND TgtFileIsExecutable = ""true"" AND SrcProcParentName Not In (""svchost.exe""))","(tgt.process.name = ""csc.exe"" AND src.process.cmdline contains ""/target:exe"") OR (src.process.name = ""csc.exe"" AND TgtFileIsExecutable = ""true"" AND SrcProcParentName Not in (""svchost.exe""))"
deobfuscate_or_decode_files.yml,"(TgtProcName != ""certutil.exe"" AND TgtProcDisplayName = ""CertUtil.exe"") OR ( TgtProcDisplayName = ""CertUtil.exe"" AND (TgtProcCmdLine RegExp ""^.*(-decode).*\.(exe)"" OR TgtProcCmdLine RegExp ""^.*(-encode).*\.(exe)"") )","(tgt.process.name != ""certutil.exe"" AND TgtProcDisplayName = ""CertUtil.exe"") OR ( TgtProcDisplayName = ""CertUtil.exe"" AND (tgt.process.cmdline matches ""^.*(-decode).*\.(exe)"" OR tgt.process.cmdline matches ""^.*(-encode).*\.(exe)"") )"
disable_defender_firewall.yml,"TgtProcName = ""netsh.exe"" AND TgtProcCmdLine ContainsCIS ""state off""","tgt.process.name = ""netsh.exe"" AND tgt.process.cmdline contains ""state off"""
disable_iis_logging.yml,"TgtProcName = ""appcmd.exe"" AND TgtProcCmdLine ContainsCIS ""/dontLog:true"" AND TgtProcCmdLine ContainsCIS ""/section:httplogging""","tgt.process.name = ""appcmd.exe"" AND tgt.process.cmdline contains ""/dontLog:true"" AND tgt.process.cmdline contains ""/section:httplogging"""
disable_microsoft_office_security_features.yml,"(RegistryKeyPath ContainsCIS ""Excel\Security"" OR RegistryKeyPath ContainsCIS ""Excel\Security\ProtectedView"") AND RegistryKeyPath In Contains Anycase (""VBAWarnings"",""DisableInternetFilesInPV"",""DisableUnsafeLocationsInPV"",""DisableAttachementsInPV"") AND EventType In (""Registry Value Create"",""Registry Value Modified"")","(registry.keyPath contains ""Excel\Security"" OR registry.keyPath contains ""Excel\Security\ProtectedView"") AND registry.keyPath in contains Anycase (""VBAWarnings"",""DisableInternetFilesInPV"",""DisableUnsafeLocationsInPV"",""DisableAttachementsInPV"") AND event.type in (""Registry Value Create"",""Registry Value Modified"")"
disable_or_modify_service_execution.yml,"(RegistryKeyPath RegExp ""\bMACHINE\\SYSTEM\\.*ControlSet.*\\Services\\.*\\Start"" AND EventType = ""Registry Value Modified"") AND SrcProcParentName Not In (""services.exe"",""svchost.exe"",""smss.exe"",""WmiPrvSE.exe"",""wininit.exe"",""TiWorker.exe"",""msiexec.exe"",""OfficeClickToRun.exe"") AND SrcProcName Not In (""GoogleUpdate.exe"")","(registry.keyPath matches ""\bMACHINE\\SYSTEM\\.*ControlSet.*\\Services\\.*\\Start"" AND event.type = ""Registry Value Modified"") AND SrcProcParentName Not in (""services.exe"",""svchost.exe"",""smss.exe"",""WmiPrvSE.exe"",""wininit.exe"",""TiWorker.exe"",""msiexec.exe"",""OfficeClickToRun.exe"") AND src.process.name Not in (""GoogleUpdate.exe"")"
disable_sysmon.yml,"(TgtProcName = ""fltmc.exe"" AND TgtProcCmdLine ContainsCIS ""unload SysmonDrv"") OR (TgtProcName = ""sysmon.exe"" AND TgtProcCmdLine ContainsCIS ""-u"")","(tgt.process.name = ""fltmc.exe"" AND tgt.process.cmdline contains ""unload SysmonDrv"") OR (tgt.process.name = ""sysmon.exe"" AND tgt.process.cmdline contains ""-u"")"
dll_search_order_hijacking.yml,"(FileFullName ContainsCIS ""amsi.dll"" AND FileFullName Does Not ContainCIS ""System32"") AND EventType = ""File Creation""","(FileFullName contains ""amsi.dll"" AND FileFullName Does Not ContainCIS ""System32"") AND event.type = ""File Creation"""
dll_sideloading_of_npp_gup.yml,"TgtProcDisplayName = ""WinGup for Notepad++"" and SrcProcName Not In (""notepad++.exe"",""explorer.exe"",""lsass.exe"",""csrss.exe"",""svchost.exe"",""WerFault.exe"")","TgtProcDisplayName = ""WinGup for Notepad++"" and src.process.name Not in (""notepad++.exe"",""explorer.exe"",""lsass.exe"",""csrss.exe"",""svchost.exe"",""WerFault.exe"")"
edge_or_ie_cred_extraction_w_pwsh.yml,"SrcProcCmdScript ContainsCIS ""Windows.Security.Credentials.PasswordVault"" OR SrcProcCmdScript ContainsCIS ""RetrievePassword""","SrcProcCmdScript contains ""Windows.Security.Credentials.PasswordVault"" OR SrcProcCmdScript contains ""RetrievePassword"""
enable_guest_account_with_rdp_and_admin.yml,"(SrcProcCmdLine ContainsCIS ""net localgroup"" AND SrcProcCmdLine ContainsCIS ""guest /add"") OR (SrcProcCmdLine ContainsCIS ""net user"" AND SrcProcCmdLine ContainsCIS ""/active:yes"") OR (RegistryKeyPath In Contains (""Terminal Server\AllowTSConnections"",""Terminal Server\DenyTSConnections"") AND EventType In (""Registry Value Create"",""Registry Value Modified""))","(src.process.cmdline contains ""net localgroup"" AND src.process.cmdline contains ""guest /add"") OR (src.process.cmdline contains ""net user"" AND src.process.cmdline contains ""/active:yes"") OR (registry.keyPath in contains (""Terminal Server\AllowTSConnections"",""Terminal Server\DenyTSConnections"") AND event.type in (""Registry Value Create"",""Registry Value Modified""))"
exchange_transport_agent_cmdlet_use.yml,"SrcProcCmdLine In Contains Anycase (""Install-TransportAgent"",""Enable-TransportAgent"",""Get-TransportAgent"") OR SrcProcCmdScript In Contains Anycase (""Install-TransportAgent"",""Enable-TransportAgent"",""Get-TransportAgent"")","src.process.cmdline in contains Anycase (""Install-TransportAgent"",""Enable-TransportAgent"",""Get-TransportAgent"") OR SrcProcCmdScript in contains Anycase (""Install-TransportAgent"",""Enable-TransportAgent"",""Get-TransportAgent"")"
findstr_password_extraction.yml,"TgtProcCmdLine ContainsCIS ""/si pass"" OR TgtProcCmdLine ContainsCIS ""-pattern password""","tgt.process.cmdline contains ""/si pass"" OR tgt.process.cmdline contains ""-pattern password"""
group_policy_preference_extraction.yml,"TgtProcCmdline RegExp ""^.*\/S cpassword.*\\sysvol\\.*.xml"" OR TgtProcCmdline ContainsCIS ""Get-GPPPassword"" OR SrcProcCmdScript ContainsCIS ""Get-ChildItem -Path \""\\$Server\SYSVOL\"" -Recurse -ErrorAction SilentlyContinue -Include 'Groups.xml','Services.xml','Scheduledtasks.xml','DataSources.xml','Printers.xml','Drives.xml'""","TgtProcCmdline matches ""^.*\/S cpassword.*\\sysvol\\.*.xml"" OR TgtProcCmdline contains ""Get-GPPPassword"" OR SrcProcCmdScript contains ""Get-ChildItem -Path \""\\$Server\SYSVOL\"" -Recurse -ErrorAction SilentlyContinue -Include 'Groups.xml','Services.xml','Scheduledtasks.xml','DataSources.xml','Printers.xml','Drives.xml'"""
image_file_execution_debugger.yml,"(RegistryKeyPath ContainsCIS ""CurrentVersion\Image File Execution Options"" AND RegistryKeyPath ContainsCIS "".exe\Debugger"") AND (EventType = ""Registry Value Create"" OR EventType = ""Registry Key Create"")","(registry.keyPath contains ""CurrentVersion\Image File Execution Options"" AND registry.keyPath contains "".exe\Debugger"") AND (event.type = ""Registry Value Create"" OR event.type = ""Registry Key Create"")"
image_file_execution_options_injection.yml,"RegistryKeyPath In Contains Anycase (""CurrentVersion\Image File Execution Options"",""CurrentVersion\SilentProcessExit"") AND RegistryKeyPath In Contains Anycase (""GlobalFlag"",""ReportingMode"",""MonitorProcess"")","registry.keyPath in contains Anycase (""CurrentVersion\Image File Execution Options"",""CurrentVersion\SilentProcessExit"") AND registry.keyPath in contains Anycase (""GlobalFlag"",""ReportingMode"",""MonitorProcess"")"
inhibit_system_recovery.yml,"TgtProcCmdLine In Contains Anycase (""delete shadows"",""shadowcopy delete"",""delete catalog"",""recoveryenabled no"") OR (TgtProcCmdLine ContainsCIS ""Win32_ShadowCopy"" AND TgtProcCmdLine ContainsCIS ""Delete()"") OR (SrcProcCmdScript ContainsCIS ""Win32_ShadowCopy"" AND SrcProcCmdScript ContainsCIS ""Delete()"")","tgt.process.cmdline in contains Anycase (""delete shadows"",""shadowcopy delete"",""delete catalog"",""recoveryenabled no"") OR (tgt.process.cmdline contains ""Win32_ShadowCopy"" AND tgt.process.cmdline contains ""Delete()"") OR (SrcProcCmdScript contains ""Win32_ShadowCopy"" AND SrcProcCmdScript contains ""Delete()"")"
invoke-maldoc.yml,"(RegistryPath In Contains (""Word\Security\AccessVBOM"",""Excel\Security\AccessVBOM"") AND EventType In (""Registry Value Create"",""Registry Value Modified"")) OR (SrcProcCmdLine In Contains Anycase (""ActiveVBProject.VBComponents"",""Word.Application"",""Excel.Application"") OR SrcProcCmdScript In Contains Anycase (""ActiveVBProject.VBComponents"",""Word.Application"",""Excel.Application""))","(RegistryPath in contains (""Word\Security\AccessVBOM"",""Excel\Security\AccessVBOM"") AND event.type in (""Registry Value Create"",""Registry Value Modified"")) OR (src.process.cmdline in contains Anycase (""ActiveVBProject.VBComponents"",""Word.Application"",""Excel.Application"") OR SrcProcCmdScript in contains Anycase (""ActiveVBProject.VBComponents"",""Word.Application"",""Excel.Application""))"
kerberoasting.yml,"IndicatorName StartsWith ""Kerberoasting""","IndicatorName StartsWith ""Kerberoasting"""
kill_eventlog_service_threads.yml,"SrcProcCmdLine ContainsCIS ""Invoke-Phant0m"" OR SrcProcCmdScript ContainsCIS ""$Kernel32::TerminateThread($getThread"" OR SrcProcCmdScript ContainsCIS ""Invoke-Phant0m""","src.process.cmdline contains ""Invoke-Phant0m"" OR SrcProcCmdScript contains ""$Kernel32::TerminateThread($getThread"" OR SrcProcCmdScript contains ""Invoke-Phant0m"""
lazagne_password_theft.yml,"TgtProcCmdline Contains ""reg.exe save hklm\s"" OR TgtFilePath Contains ""lazagne.exe.manifest""","TgtProcCmdline contains ""reg.exe save hklm\s"" OR TgtFilePath contains ""lazagne.exe.manifest"""
local_account_added_windows.yml,"SrcProcCmdLine In Contains Anycase (""net user /add"",""New-LocalUser"") OR SrcProcCmdLine RegExp ""\bdscl\b.*\b/\create\b"" OR SrcProcCmdLine RegExp ""\bnet localgroup administrators\b.*\b\/add\b""","src.process.cmdline in contains Anycase (""net user /add"",""New-LocalUser"") OR src.process.cmdline matches ""\bdscl\b.*\b/\create\b"" OR src.process.cmdline matches ""\bnet localgroup administrators\b.*\b\/add\b"""
logon_scripts_windows.yml,"SrcProcCmdLine ContainsCIS ""UserInitMprLogonScript"" OR (RegistryKeyPath ContainsCIS ""UserInitMprLogonScript"" AND EventType = ""Registry Value Create"")","src.process.cmdline contains ""UserInitMprLogonScript"" OR (registry.keyPath contains ""UserInitMprLogonScript"" AND event.type = ""Registry Value Create"")"
lsass_memory_dumping.yml,"TgtProcImageSha1 = ""f0c52cea19c204f5cdbe952cc7cfc182e20d8d43"" OR TgtProcCmdline ContainsCIS ""-ma lsass.exe"" OR TgtProcCmdline ContainsCIS ""comsvcs.dll, MiniDump"" OR TgtFilePath = ""C:\Windows\Temp\dumpert.dmp"" OR TgtFilePath RegExp ""^.*lsass.*.DMP"" OR (SrcProcCmdline ContainsCIS ""sekurlsa::minidump"" OR SrcProcCmdline ContainsCIS ""sekurlsa::logonpasswords"") OR SrcProcCmdline ContainsCIS ""live lsa""","TgtProcImageSha1 = ""f0c52cea19c204f5cdbe952cc7cfc182e20d8d43"" OR TgtProcCmdline contains ""-ma lsass.exe"" OR TgtProcCmdline contains ""comsvcs.dll, MiniDump"" OR TgtFilePath = ""C:\Windows\Temp\dumpert.dmp"" OR TgtFilePath matches ""^.*lsass.*.DMP"" OR (SrcProcCmdline contains ""sekurlsa::minidump"" OR SrcProcCmdline contains ""sekurlsa::logonpasswords"") OR SrcProcCmdline contains ""live lsa"""
lsa_secrets_extraction.yml,"TgtProcCmdLine ContainsCIS ""save HKLM\security\policy\secrets""","tgt.process.cmdline contains ""save HKLM\security\policy\secrets"""
malicious_documents.yml,"(SrcProcParentName In Contains (""WINWORD.EXE"",""EXCEL.EXE"") AND SrcProcName In Contains Anycase (""cmd.exe"",""cscript.exe"",""wscript.exe"",""certutil.exe"",""powershell.exe"",""msbuild.exe"",""csc.exe"")) OR IndicatorName = ""SuspiciousDocument""","(SrcProcParentName in contains (""WINWORD.EXE"",""EXCEL.EXE"") AND src.process.name in contains Anycase (""cmd.exe"",""cscript.exe"",""wscript.exe"",""certutil.exe"",""powershell.exe"",""msbuild.exe"",""csc.exe"")) OR IndicatorName = ""SuspiciousDocument"""
malicious_process_start_added_to_powershell_profile.yml,"(SrcProcCmdScript ContainsCIS ""Add-Content $profile -Value"" AND SrcProcCmdScript ContainsCIS ""Start-Process"") OR (TgtProcCmdLine ContainsCIS ""Add-Content $profile"" AND TgtProcCmdLine In Contains Anycase (""Start-Process"",""& "",""cmd.exe /c""))","(SrcProcCmdScript contains ""Add-Content $profile -Value"" AND SrcProcCmdScript contains ""Start-Process"") OR (tgt.process.cmdline contains ""Add-Content $profile"" AND tgt.process.cmdline in contains Anycase (""Start-Process"",""& "",""cmd.exe /c""))"
modified_sysinternals_accesschk.yml,"TgtProcName = ""accesschk.exe"" AND TgtProcDisplayName != ""Reports effective permissions for securable objects""","tgt.process.name = ""accesschk.exe"" AND TgtProcDisplayName != ""Reports effective permissions for securable objects"""
modify_or_create_windows_service.yml,"TgtProcName = ""sc.exe"" AND TgtProcCmdLine Contains ""binPath=""","tgt.process.name = ""sc.exe"" AND tgt.process.cmdline contains ""binPath="""
mshta.yml,"(SrcProcName = ""mshta.exe"" and EventType = ""Open Remote Process Handle"") OR (SrcProcName = ""mshta.exe"" AND SrcProcCmdLine RegExp ""https?:\/\/(www\.)?[-a-zA-Z0-9@:%._\+~#=]{1,256}\.[a-zA-Z0-9()]{1,6}\b([-a-zA-Z0-9()@:%_\+.~#?&//=]*)"")","(src.process.name = ""mshta.exe"" and event.type = ""Open Remote Process Handle"") OR (src.process.name = ""mshta.exe"" AND src.process.cmdline matches ""https?:\/\/(www\.)?[-a-zA-Z0-9@:%._\+~#=]{1,256}\.[a-zA-Z0-9()]{1,6}\b([-a-zA-Z0-9()@:%_\+.~#?&//=]*)"")"
msiexec_remote_msi.yml,"( SrcProcName = ""msiexec.exe"" AND SrcProcCmdLine RegExp ""https?:\/\/(www\.)?[-a-zA-Z0-9@:%._\+~#=]{1,256}\.[a-zA-Z0-9()]{1,6}\b([-a-zA-Z0-9()@:%_\+.~#?&//=]*)"" ) OR (SrcProcName RegExp ""^.*\.(tmp)"" AND EventType = ""Open Remote Process Handle"" AND SrcProcParentName = ""msiexec.exe"")","( src.process.name = ""msiexec.exe"" AND src.process.cmdline matches ""https?:\/\/(www\.)?[-a-zA-Z0-9@:%._\+~#=]{1,256}\.[a-zA-Z0-9()]{1,6}\b([-a-zA-Z0-9()@:%_\+.~#?&//=]*)"" ) OR (src.process.name matches ""^.*\.(tmp)"" AND event.type = ""Open Remote Process Handle"" AND SrcProcParentName = ""msiexec.exe"")"
netsh_helper_dll.yml,"(TgtProcName = ""netsh.exe"" AND TgtProcCmdLine ContainsCIS ""add helper"") OR (RegistryPath ContainsCIS ""SOFTWARE\Microsoft\NetSh"" AND EventType = ""Registry Value Create"")","(tgt.process.name = ""netsh.exe"" AND tgt.process.cmdline contains ""add helper"") OR (RegistryPath contains ""SOFTWARE\Microsoft\NetSh"" AND event.type = ""Registry Value Create"")"
network_sniffing.yml,"TgtProcName = ""netsh.exe"" and TgtProcCmdLine ContainsCIS ""trace start"" ) OR ProcessName = ""tshark.exe""","tgt.process.name = ""netsh.exe"" and tgt.process.cmdline contains ""trace start"" ) OR ProcessName = ""tshark.exe"""
non_windows_control_panel_item.yml,"(TgtFileExtension = ""cpl"" AND TgtFilePath Does Not ContainCIS ""C:\Windows"" AND TgtFilePath Does Not ContainCIS ""C:\Program Files"" AND TgtFilePath Does Not ContainCIS ""C:\$WINDOWS.~BT"") OR (SrcProcName = ""control.exe"" AND SrcProcCmdLine ContainsCIS "".cpl"" AND SrcProcCmdLine Does Not ContainCIS ""C:\Windows"")","(TgtFileExtension = ""cpl"" AND TgtFilePath Does Not ContainCIS ""C:\Windows"" AND TgtFilePath Does Not ContainCIS ""C:\Program Files"" AND TgtFilePath Does Not ContainCIS ""C:\$WINDOWS.~BT"") OR (src.process.name = ""control.exe"" AND src.process.cmdline contains "".cpl"" AND src.process.cmdline Does Not ContainCIS ""C:\Windows"")"
ntds_copy.yml,"SrcProcCmdline RegExp ""^.*copy.*\\Windows\\NTDS\\NTDS.dit.*"" OR SrcProcCmdline RegExp ""^.*copy.*\\Windows\\System32\\config\\SYSTEM .*"" OR SrcProcCmdline ContainsCIS ""save HKLM\SYSTEM"" OR (TgtProcName = ""ntdsutil.exe"" AND TgtProcCmdline ContainsCIS ""ac i ntds"") OR (TgtProcName = ""mklink.exe"" and  TgtProcCmdline RegExp ""^.*\/[d,D].*GLOBALROOT\\Device\\HarddiskVolumeShadowCopy.*"")","SrcProcCmdline matches ""^.*copy.*\\Windows\\NTDS\\NTDS.dit.*"" OR SrcProcCmdline matches ""^.*copy.*\\Windows\\System32\\config\\SYSTEM .*"" OR SrcProcCmdline contains ""save HKLM\SYSTEM"" OR (tgt.process.name = ""ntdsutil.exe"" AND TgtProcCmdline contains ""ac i ntds"") OR (tgt.process.name = ""mklink.exe"" and TgtProcCmdline matches ""^.*\/[d,D].*GLOBALROOT\\Device\\HarddiskVolumeShadowCopy.*"")"
open_local_port_on_defender_firewall.yml,"TgtProcName = ""netsh.exe"" AND TgtProcCmdLine ContainsCIS ""add rule"" AND TgtProcCmdLine ContainsCIS ""dir=in"" AND TgtProcCmdLine ContainsCIS ""localport=""","tgt.process.name = ""netsh.exe"" AND tgt.process.cmdline contains ""add rule"" AND tgt.process.cmdline contains ""dir=in"" AND tgt.process.cmdline contains ""localport="""
os_credential_dumping.yml,"RegistryKeyPath ContainsCIS ""\Services\NPPSpy"" OR IndicatorName In ( ""Mimikatz"", ""CredsReadFromLsass"", ""DumpSAM"", ""PasswordSniffingViaNetworkProvider"" )","registry.keyPath contains ""\Services\NPPSpy"" OR IndicatorName in ( ""Mimikatz"", ""CredsReadFromLsass"", ""DumpSAM"", ""PasswordSniffingViaNetworkProvider"" )"
outlook_vba_persistence.yml,"( EventType In(""File Creation"", ""File Modification"") AND TgtFilePath Contains Anycase ""\Roaming\Microsoft\Outlook"" AND TgtFilePath EndsWith Anycase "".otm"" ) OR ( EventType In (""Registry Value Create"",""Registry Value Modified"") AND RegistryKeyPath ContainsCIS ""Outlook\Security\Level"" )","( event.type in(""File Creation"", ""File Modification"") AND TgtFilePath contains Anycase ""\Roaming\Microsoft\Outlook"" AND TgtFilePath EndsWith Anycase "".otm"" ) OR ( event.type in (""Registry Value Create"",""Registry Value Modified"") AND registry.keyPath contains ""Outlook\Security\Level"" )"
parent_pid_spoofing.yml,"(TgtProcRelation = ""not_in_storyline"" AND EventType = ""Open Remote Process Handle"" AND SrcProcParentName In Contains Anycase (""userinit.exe"",""powershell.exe"",""cmd.exe"") AND TgtProcName != ""sihost.exe"" And TgtProcIntegrityLevel  != ""LOW"" AND TgtProcName Not In (""SystemSettings.exe"")) OR (SrcProcCmdScript ContainsCIS ""PPID-Spoof"" AND SrcProcCmdScript ContainsCIS ""hSpoofParent = [Kernel32]::OpenProcess"")","(TgtProcRelation = ""not_in_storyline"" AND event.type = ""Open Remote Process Handle"" AND SrcProcParentName in contains Anycase (""userinit.exe"",""powershell.exe"",""cmd.exe"") AND tgt.process.name != ""sihost.exe"" And TgtProcIntegrityLevel != ""LOW"" AND tgt.process.name Not in (""SystemSettings.exe"")) OR (SrcProcCmdScript contains ""PPID-Spoof"" AND SrcProcCmdScript contains ""hSpoofParent = [Kernel32]::OpenProcess"")"
pass_the_hash_and_pass_the_ticket.yml,"TgtProcCmdLine In Contains Anycase (""sekurlsa::pth"",""/ntlm:"",""kerberos::ptt"")","tgt.process.cmdline in contains Anycase (""sekurlsa::pth"",""/ntlm:"",""kerberos::ptt"")"
powershell_download_cradles.yml,"(SrcProcCmdLine In Contains Anycase (""Net.WebClient"",""(iwr"",""DownloadString("",""WinHttp.WinHttpRequest"",""IEX ("",""InternetExplorer.Application"",""Msxml2.XMLHTTP"",""MSXML2.ServerXMLHTTP"") OR SrcProcCmdScript In Contains Anycase (""Net.WebClient"",""(iwr"",""DownloadString("",""WinHttp.WinHttpRequest"",""IEX ("",""InternetExplorer.Application"",""Msxml2.XMLHTTP"",""MSXML2.ServerXMLHTTP""))","(src.process.cmdline in contains Anycase (""Net.WebClient"",""(iwr"",""DownloadString("",""WinHttp.WinHttpRequest"",""IEX ("",""InternetExplorer.Application"",""Msxml2.XMLHTTP"",""MSXML2.ServerXMLHTTP"") OR SrcProcCmdScript in contains Anycase (""Net.WebClient"",""(iwr"",""DownloadString("",""WinHttp.WinHttpRequest"",""IEX ("",""InternetExplorer.Application"",""Msxml2.XMLHTTP"",""MSXML2.ServerXMLHTTP""))"
powershell_gui_input_capture.yml,"(TgtProcCmdline ContainsCIS "".UI.PromptForCredential("" AND TgtProcCmdline ContainsCIS  "".GetNetworkCredential().Password"") OR (SrcProcCmdScript ContainsCIS "".UI.PromptForCredential("" AND SrcProcCmdScript ContainsCIS  "".GetNetworkCredential().Password"")","(TgtProcCmdline contains "".UI.PromptForCredential("" AND TgtProcCmdline contains "".GetNetworkCredential().Password"") OR (SrcProcCmdScript contains "".UI.PromptForCredential("" AND SrcProcCmdScript contains "".GetNetworkCredential().Password"")"
powershell_http_form_submission.yml,"SrcProcCmdLine ContainsCIS ""Invoke-WebRequest"" AND (SrcProcCmdLine ContainsCIS ""-Method Put"" OR SrcProcCmdLine ContainsCIS ""-Method Post"")","src.process.cmdline contains ""Invoke-WebRequest"" AND (src.process.cmdline contains ""-Method Put"" OR src.process.cmdline contains ""-Method Post"")"
powershell_keylogging.yml,"TgtProcCmdline ContainsCIS ""Get-Keystrokes"" OR SrcProcCmdScript ContainsCIS ""user32.dll GetAsyncKeyState"" OR SrcProcCmdScript ContainsCIS ""[Windows.Forms.Keys][Runtime.InteropServices.Marshal]::ReadInt32(""","TgtProcCmdline contains ""Get-Keystrokes"" OR SrcProcCmdScript contains ""user32.dll GetAsyncKeyState"" OR SrcProcCmdScript contains ""[Windows.Forms.Keys][Runtime.InteropServices.Marshal]::ReadInt32("""
powershell_time_stomping.yml,"SrcProcCmdScript In Contains Anycase (""[IO.File]::SetCreationTime"",""[IO.File]::SetLastAccessTime"",""[IO.File]::SetLastWriteTime"")","SrcProcCmdScript in contains Anycase (""[IO.File]::SetCreationTime"",""[IO.File]::SetLastAccessTime"",""[IO.File]::SetLastWriteTime"")"
PrintNightmare.yml,"TgtFilePath RegExp ""(?i)C:\\Windows\\System32\\spool\\drivers\\x64\\3\\old\\([^1|2].*\.dll)"" OR TgtFilePath RegExp ""(?i)\\(MyExploit|evil|addCube|rev|rev2|main64|mimilib)\.dll$""","TgtFilePath matches ""(?i)C:\\Windows\\System32\\spool\\drivers\\x64\\3\\old\\([^1|2].*\.dll)"" OR TgtFilePath matches ""(?i)\\(MyExploit|evil|addCube|rev|rev2|main64|mimilib)\.dll$"""
process_hollowing.yml,"--- Detect Start-Hollow.ps1 by command or content
(SrcProcCmdScript ContainsCIS ""Start-Hollow"" AND SrcProcCmdScript ContainsCIS ""[Hollow]::NtQueryInformationProcess"") OR TgtProcCmdLine ContainsCIS ""Start-Hollow""","--- Detect Start-Hollow.ps1 by command or content (SrcProcCmdScript contains ""Start-Hollow"" AND SrcProcCmdScript contains ""[Hollow]::NtQueryInformationProcess"") OR tgt.process.cmdline contains ""Start-Hollow"""
process_injection.yml,"(TgtProcName = ""mavinject.exe"" AND TgtProcCmdLine ContainsCIS ""/injectrunning"") AND (SrcProcName Not In (""AppVClient.exe"") AND SrcProcParentName Not In (""smss.exe""))","(tgt.process.name = ""mavinject.exe"" AND tgt.process.cmdline contains ""/injectrunning"") AND (src.process.name Not in (""AppVClient.exe"") AND SrcProcParentName Not in (""smss.exe""))"
rdp_hijacking.yml,"SrcProcName = ""tscon.exe"" AND SrcProcCmdLine ContainsCIS ""/dest:""","src.process.name = ""tscon.exe"" AND src.process.cmdline contains ""/dest:"""
registry_credential_enumeration.yml,"TgtProcCmdline ContainsCIS ""query HKLM /f password /t REG_SZ /s"" OR TgtProcCmdline ContainsCIS ""query HKCU /f password /t REG_SZ /s"" OR TgtProcCmdline ContainsCIS ""query HKCU\Software\SimonTatham\PuTTY\Sessions /t REG_SZ /s""","TgtProcCmdline contains ""query HKLM /f password /t REG_SZ /s"" OR TgtProcCmdline contains ""query HKCU /f password /t REG_SZ /s"" OR TgtProcCmdline contains ""query HKCU\Software\SimonTatham\PuTTY\Sessions /t REG_SZ /s"""
registry_run_keys.yml,"( RegistryKeyPath ContainsCIS ""Windows\CurrentVersion\Run"" AND EventType = ""Registry Key Create"" ) AND SrcProcParentName Not In (""smss.exe"",""svchost.exe"",""SetupHost.exe"",""OneDriveSetup.exe"",""WindowsUpdateBox.exe"")","( registry.keyPath contains ""Windows\CurrentVersion\Run"" AND event.type = ""Registry Key Create"" ) AND SrcProcParentName Not in (""smss.exe"",""svchost.exe"",""SetupHost.exe"",""OneDriveSetup.exe"",""WindowsUpdateBox.exe"")"
remove_amsi_provider_reg_key.yml,"RegistryPath ContainsCIS ""\Microsoft\AMSI\Providers"" AND EventType In (""Registry Key Delete"",""Registry Value Delete"")","RegistryPath contains ""\Microsoft\AMSI\Providers"" AND event.type in (""Registry Key Delete"",""Registry Value Delete"")"
rundll32_possible_cobalt_strike.yml,"( SrcProcName In AnyCase  ( ""rundll32.exe"" ) AND SrcProcCmdLine IS EMPTY ) OR ( SrcProcName In AnyCase  ( ""rundll32.exe"" ) AND NetConnOutCount > ""0"" AND SrcProcParentName Not In  ( ""splwow64.exe"" ) AND SrcProcParentName Not In  ( ""msiexec.exe"" ) AND SrcProcCmdLine RegExp "".*((?!C:\\windows\\system32\\spool\\DRIVERS\\.*,MonitorPrintJobStatus))$/gmi"" )","( src.process.name in:anycase ( ""rundll32.exe"" ) AND src.process.cmdline IS EMPTY ) OR ( src.process.name in:anycase ( ""rundll32.exe"" ) AND NetConnOutCount > ""0"" AND SrcProcParentName Not in ( ""splwow64.exe"" ) AND SrcProcParentName Not in ( ""msiexec.exe"" ) AND src.process.cmdline matches "".*((?!C:\\windows\\system32\\spool\\DRIVERS\\.*,MonitorPrintJobStatus))$/gmi"" )"
scheduledtaskregister.yml,"IndicatorName = ""ScheduleTaskRegister"" AND SrcProcParentName Not In (""Integrator.exe"",""OfficeClickToRun.exe"",""services.exe"",""OneDriveSetup.exe"",""Ccm32BitLauncher.exe"",""WmiPrvSE.exe"")","IndicatorName = ""ScheduleTaskRegister"" AND SrcProcParentName Not in (""Integrator.exe"",""OfficeClickToRun.exe"",""services.exe"",""OneDriveSetup.exe"",""Ccm32BitLauncher.exe"",""WmiPrvSE.exe"")"
scheduled_tasks_creation.yml,"(( TgtProcName = ""schtasks.exe"" AND TgtProcCmdLine ContainsCIS ""/create"" ) OR ( SrcProcCmdLine ContainsCIS ""New-ScheduledTask"" OR SrcProcCmdScript  ContainsCIS ""New-ScheduledTask"" )) AND SrcProcParentName Not In (""services.exe"",""OfficeClickToRun.exe"")","(( tgt.process.name = ""schtasks.exe"" AND tgt.process.cmdline contains ""/create"" ) OR ( src.process.cmdline contains ""New-ScheduledTask"" OR SrcProcCmdScript contains ""New-ScheduledTask"" )) AND SrcProcParentName Not in (""services.exe"",""OfficeClickToRun.exe"")"
screensaver_change.yml,"RegistryKeyPath ContainsCIS ""Control Panel\Desktop\SCRNSAVE.EXE"" AND (EventType In (""Registry Value Create"",""Registry Value Modified"") AND SrcProcName Not In (""svchost.exe"",""SetupHost.exe"",""CcmExec.exe""))","registry.keyPath contains ""Control Panel\Desktop\SCRNSAVE.EXE"" AND (event.type in (""Registry Value Create"",""Registry Value Modified"") AND src.process.name Not in (""svchost.exe"",""SetupHost.exe"",""CcmExec.exe""))"
scripted_lateral_rdp.yml,"TgtProcName = ""cmdkey.exe"" AND TgtProcCmdLine ContainsCIS ""/generic:TERMSRV"" AND TgtProcCmdLine ContainsCIS ""/user:"" AND TgtProcCmdLine ContainsCIS ""/pass:""","tgt.process.name = ""cmdkey.exe"" AND tgt.process.cmdline contains ""/generic:TERMSRV"" AND tgt.process.cmdline contains ""/user:"" AND tgt.process.cmdline contains ""/pass:"""
secure_delete_data_destruction.yml,"TgtProcDisplayName = ""Secure file delete""","TgtProcDisplayName = ""Secure file delete"""
security_support_provider.yml,"RegistryKeyPath ContainsCIS ""\Control\Lsa\Security Packages"" AND (SrcProcName Not In (""services.exe"",""SetupHost.exe"",""svchost.exe"") AND SrcProcCmdLine Does Not ContainCIS ""system32\wsauth.dll"")","registry.keyPath contains ""\Control\Lsa\Security Packages"" AND (src.process.name Not in (""services.exe"",""SetupHost.exe"",""svchost.exe"") AND src.process.cmdline Does Not ContainCIS ""system32\wsauth.dll"")"
service_created.yml,"TgtProcName = ""sc.exe"" AND TgtProcCmdLine Contains ""binPath=""","tgt.process.name = ""sc.exe"" AND tgt.process.cmdline contains ""binPath="""
service_disabled.yml,"(TgtProcName = ""WMIC.exe"" AND TgtProcCmdLine ContainsCIS ""call ChangeStartmode Disabled"") OR (TgtProcName = ""sc.exe"" AND TgtProcCmdLine ContainsCIS ""disabled"") OR (TgtProcCmdLine ContainsCIS ""Set-Service"" AND TgtProcCmdLine ContainsCIS ""-StartupType Disabled"")","(tgt.process.name = ""WMIC.exe"" AND tgt.process.cmdline contains ""call ChangeStartmode Disabled"") OR (tgt.process.name = ""sc.exe"" AND tgt.process.cmdline contains ""disabled"") OR (tgt.process.cmdline contains ""Set-Service"" AND tgt.process.cmdline contains ""-StartupType Disabled"")"
service_started.yml,"(( SrcProcName = ""sc.exe"" AND SrcProcCmdLine ContainsCIS ""create"" ) OR SrcProcCmdLine ContainsCIS ""Start-Service"" ) AND SrcProcParentName != ""services.exe""","(( src.process.name = ""sc.exe"" AND src.process.cmdline contains ""create"" ) OR src.process.cmdline contains ""Start-Service"" ) AND SrcProcParentName != ""services.exe"""
startup_folder_persistence.yml,"FileFullName ContainsCIS ""Programs\Startup"" AND FileType In Contains Anycase (""vbs"",""jse"",""bat"") AND EventType = ""File Creation""","FileFullName contains ""Programs\Startup"" AND FileType in contains Anycase (""vbs"",""jse"",""bat"") AND event.type = ""File Creation"""
startup_shortcuts.yml,"(FileFullName ContainsCIS ""Microsoft\Windows\Start Menu\Programs\Startup"" AND TgtFileExtension In Contains (""lnk"",""url"") AND EventType = ""File Creation"") AND SrcProcName Not In (""ONENOTE.EXE"",""msiexec.exe"")","(FileFullName contains ""Microsoft\Windows\Start Menu\Programs\Startup"" AND TgtFileExtension in contains (""lnk"",""url"") AND event.type = ""File Creation"") AND src.process.name Not in (""ONENOTE.EXE"",""msiexec.exe"")"
unquoted_service_path_for_program.exe.yml,"(FileFullName = ""C:\program.exe"" AND EventType In (""File Creation"",""File Modification"")) OR TgtProcImagePath = ""C:\program.exe""","(FileFullName = ""C:\program.exe"" AND event.type in (""File Creation"",""File Modification"")) OR TgtProcImagePath = ""C:\program.exe"""
vbs_execution_from_temp.yml,"SrcProcName = ""cscript.exe"" AND SrcProcCmdLine RegExp ""\bTemp\b.*\.(vbs)""","src.process.name = ""cscript.exe"" AND src.process.cmdline matches ""\bTemp\b.*\.(vbs)"""
web_shell_creation.yml,"EventType = ""File Creation"" AND FileFullName ContainsCIS ""inetpub\wwwroot"" AND TgtFileExtension In Contains Anycase (""jsp"",""aspx"",""php"") AND SrcProcName Not In (""explorer.exe"",""msdeploy.exe"")","event.type = ""File Creation"" AND FileFullName contains ""inetpub\wwwroot"" AND TgtFileExtension in contains Anycase (""jsp"",""aspx"",""php"") AND src.process.name Not in (""explorer.exe"",""msdeploy.exe"")"
windows_logon_scripts.yml,"SrcProcCmdLine ContainsCIS ""UserInitMprLogonScript"" OR (RegistryKeyPath ContainsCIS ""UserInitMprLogonScript"" AND EventType = ""Registry Value Create"")","src.process.cmdline contains ""UserInitMprLogonScript"" OR (registry.keyPath contains ""UserInitMprLogonScript"" AND event.type = ""Registry Value Create"")"
windows_management_instrumentation.yml,"( SrcProcName = ""WMIC.exe"" AND SrcProcCmdLine In Contains Anycase (""useraccount get"",""process get"",""qfe get"",""service where"",""process call"",""call create"") ) AND SrcProcParentName Not In (""msiexec.exe"")","( src.process.name = ""WMIC.exe"" AND src.process.cmdline in contains Anycase (""useraccount get"",""process get"",""qfe get"",""service where"",""process call"",""call create"") ) AND SrcProcParentName Not in (""msiexec.exe"")"
windows_management_instrumentation_event_subscription.yml,"SrcProcCmdLine ContainsCIS ""New-CimInstance -Namespace root/subscription"" OR SrcProcCmdScript ContainsCIS ""New-CimInstance -Namespace root/subscription""","src.process.cmdline contains ""New-CimInstance -Namespace root/subscription"" OR SrcProcCmdScript contains ""New-CimInstance -Namespace root/subscription"""
windows_remote_management_execution.yml,"(TgtProcCmdLine ContainsCIS ""GetTypeFromProgID("" AND TgtProcCmdLine ContainsCIS ""MMC20.application"" AND TgtProcCmdLine ContainsCIS "".Document.ActiveView.ExecuteShellCommand("") OR (TgtProcName = ""wmic.exe"" AND TgtProcCmdLine ContainsCIS ""/node:"" AND TgtProcCmdLine ContainsCIS ""process call create"") OR ((SrcProcName ContainsCIS ""psexec.exe"" OR SrcProcDisplayName = ""Execute processes remotely"") AND DstIp Is Not Empty)","(tgt.process.cmdline contains ""GetTypeFromProgID("" AND tgt.process.cmdline contains ""MMC20.application"" AND tgt.process.cmdline contains "".Document.ActiveView.ExecuteShellCommand("") OR (tgt.process.name = ""wmic.exe"" AND tgt.process.cmdline contains ""/node:"" AND tgt.process.cmdline contains ""process call create"") OR ((src.process.name contains ""psexec.exe"" OR SrcProcDisplayName = ""Execute processes remotely"") AND dst.ip Is Not Empty)"
windows_service_creation.yml,"TgtProcName = ""sc.exe"" AND TgtProcCmdLine Contains ""binPath=""","tgt.process.name = ""sc.exe"" AND tgt.process.cmdline contains ""binPath="""
windows_share_creation.yml,"TgtProcCmdLine ContainsCIS ""New-PSDrive"" OR (TgtProcName = ""net.exe"" AND TgtProcCmdLine ContainsCIS ""use "")","tgt.process.cmdline contains ""New-PSDrive"" OR (tgt.process.name = ""net.exe"" AND tgt.process.cmdline contains ""use "")"
winlogon_helper_dll.yml,"IndicatorMetadata In Contains Anycase (""Microsoft\Windows NT\CurrentVersion\Winlogon"",""Microsoft\Windows NT\CurrentVersion\Winlogon\Notify"") AND IndicatorMetadata In Contains Anycase (""logon"",""Userinit"",""Shell"") AND IndicatorMetadata Does Not ContainCIS ""WINDOWS\system32\userinit.exe""","IndicatorMetadata in contains Anycase (""Microsoft\Windows NT\CurrentVersion\Winlogon"",""Microsoft\Windows NT\CurrentVersion\Winlogon\Notify"") AND IndicatorMetadata in contains Anycase (""logon"",""Userinit"",""Shell"") AND IndicatorMetadata Does Not ContainCIS ""WINDOWS\system32\userinit.exe"""
